{"cameraMode":{"drawMode":0,"name":"Shaded","section":"Shading Mode"},"sceneLighting":false,"audioPlay":false,"sceneViewState":{"showFog":true,"showMaterialUpdate":false,"showSkybox":true,"showFlares":true,"showImageEffects":true,"showParticleSystems":true},"in2DMode":false,"pivot":{"x":77.87061309814453,"y":13.327335357666016,"z":98.06565856933594},"rotation":{"x":0.10289101302623749,"y":0.2276710569858551,"z":-0.024208776652812959,"w":0.9679968357086182},"size":80.69099426269531,"orthographic":false}